{"cameraMode":{"drawMode":0,"name":"Shaded","section":"Shading Mode"},"sceneLighting":true,"audioPlay":false,"sceneViewState":{"showFog":true,"showMaterialUpdate":false,"showSkybox":true,"showFlares":true,"showImageEffects":true,"showParticleSystems":true},"in2DMode":false,"pivot":{"x":86.78714752197266,"y":9.674491882324219,"z":62.01271438598633},"rotation":{"x":-0.18912920355796815,"y":-0.07298511266708374,"z":0.014097753912210465,"w":-0.9791351556777954},"size":26.141708374023439,"orthographic":false}